{
    "default_icon":[
        {
            "value" : "zmdi zmdi-home",
            "tooltip" : "",
            "tooltip_place":"bottom",
            "tooltip_title" : ""
        },
        {
            "value" : "zmdi zmdi-3d-rotation",
            "tooltip" : "",
            "tooltip_place":"bottom",
            "tooltip_title" : "3D Rotation"
        },
        {
            "value" : "zmdi zmdi-airplane-off",
            "tooltip" : "",
            "tooltip_place":"bottom",
            "tooltip_title" : "Airplane Off"
        },
        {
            "value" : "zmdi zmdi-album",
            "tooltip" : "",
            "tooltip_place":"bottom",
            "tooltip_title" : ""
        },
        {
            "value" : "zmdi zmdi-archive",
            "tooltip" : "",
            "tooltip_place":"bottom",
            "tooltip_title" : ""
        },
        {
            "value" : "zmdi zmdi-assignment-account",
            "tooltip" : "",
            "tooltip_place":"bottom",
            "tooltip_title" : ""
        },
        {
            "value" : "zmdi zmdi-assignment-alert",
            "tooltip" : "",
            "tooltip_place":"bottom",
            "tooltip_title" : ""
        },
        {
            "value" : "zmdi zmdi-assignment-check",
            "tooltip" : "",
            "tooltip_place":"bottom",
            "tooltip_title" : ""
        },
        {
            "value" : "zmdi zmdi-assignment-o",
            "tooltip" : "",
            "tooltip_place":"bottom",
            "tooltip_title" : ""
        },
        {
            "value" : "zmdi zmdi-assignment-returned",
            "tooltip" : "",
            "tooltip_place":"bottom",
            "tooltip_title" : ""
        },
        {
            "value" : "zmdi zmdi-assignment",
            "tooltip" : "",
            "tooltip_place":"bottom",
            "tooltip_title" : ""
        },
        {
            "value" : "zmdi zmdi-attachment-alt",
            "tooltip" : "",
            "tooltip_place":"bottom",
            "tooltip_title" : ""
        },

        {
            "value" : "zmdi zmdi-attachment",
            "tooltip" : "",
            "tooltip_place":"bottom",
            "tooltip_title" : ""
        },
        {
            "value" : "zmdi zmdi-audio",
            "tooltip" : "",
            "tooltip_place":"bottom",
            "tooltip_title" : ""
        },
        {
            "value" : "zmdi zmdi-badge-check",
            "tooltip" : "",
            "tooltip_place":"bottom",
            "tooltip_title" : ""
        },
        {
            "value" : "zmdi zmdi-balance-wallet",
            "tooltip" : "",
            "tooltip_place":"bottom",
            "tooltip_title" : ""
        },
        {
            "value" : "zmdi zmdi-balance",
            "tooltip" : "",
            "tooltip_place":"bottom",
            "tooltip_title" : ""
        },
        {
            "value" : "zmdi zmdi-battery-alert",
            "tooltip" : "",
            "tooltip_place":"bottom",
            "tooltip_title" : ""
        },
        {
            "value" : "zmdi zmdi-battery-flash",
            "tooltip" : "",
            "tooltip_place":"bottom",
            "tooltip_title" : ""
        },
        {
            "value" : "zmdi zmdi-battery-unknown",
            "tooltip" : "",
            "tooltip_place":"bottom",
            "tooltip_title" : ""
        },
        {
            "value" : "zmdi zmdi-battery",
            "tooltip" : "",
            "tooltip_place":"bottom",
            "tooltip_title" : ""
        },
        {
            "value" : "zmdi zmdi-bike",
            "tooltip" : "",
            "tooltip_place":"bottom",
            "tooltip_title" : ""
        },
        {
            "value" : "zmdi zmdi-block-alt",
            "tooltip" : "",
            "tooltip_place":"bottom",
            "tooltip_title" : ""
        },

        {
            "value" : "zmdi zmdi-block",
            "tooltip" : "",
            "tooltip_place":"bottom",
            "tooltip_title" : ""
        },
        {
            "value" : "zmdi zmdi-boat",
            "tooltip" : "",
            "tooltip_place":"bottom",
            "tooltip_title" : ""
        },
        {
            "value" : "zmdi zmdi-book-image",
            "tooltip" : "",
            "tooltip_place":"bottom",
            "tooltip_title" : ""
        },
        {
            "value" : "zmdi zmdi-book",
            "tooltip" : "",
            "tooltip_place":"bottom",
            "tooltip_title" : ""
        },
        {
            "value" : "zmdi zmdi-bookmark-outline",
            "tooltip" : "",
            "tooltip_place":"bottom",
            "tooltip_title" : ""
        },
        {
            "value" : "zmdi zmdi-bookmark",
            "tooltip" : "",
            "tooltip_place":"bottom",
            "tooltip_title" : ""
        },
        {
            "value" : "zmdi zmdi-brush",
            "tooltip" : "",
            "tooltip_place":"bottom",
            "tooltip_title" : ""
        },
        {
            "value" : "zmdi zmdi-bug",
            "tooltip" : "",
            "tooltip_place":"bottom",
            "tooltip_title" : ""
        },
        {
            "value" : "zmdi zmdi-bus",
            "tooltip" : "",
            "tooltip_place":"bottom",
            "tooltip_title" : ""
        },
        {
            "value" : "zmdi zmdi-cake",
            "tooltip" : "",
            "tooltip_place":"bottom",
            "tooltip_title" : ""
        },
        {
            "value" : "zmdi zmdi-car-taxi",
            "tooltip" : "",
            "tooltip_place":"bottom",
            "tooltip_title" : ""
        },

        {
            "value" : "zmdi zmdi-car-wash",
            "tooltip" : "",
            "tooltip_place":"bottom",
            "tooltip_title" : ""
        },
        {
            "value" : "zmdi zmdi-car",
            "tooltip" : "",
            "tooltip_place":"bottom",
            "tooltip_title" : ""
        },
        {
            "value" : "zmdi zmdi-card-giftcard",
            "tooltip" : "",
            "tooltip_place":"bottom",
            "tooltip_title" : ""
        },
        {
            "value" : "zmdi zmdi-card-membership",
            "tooltip" : "",
            "tooltip_place":"bottom",
            "tooltip_title" : ""
        },
        {
            "value" : "zmdi zmdi-card-travel",
            "tooltip" : "",
            "tooltip_place":"bottom",
            "tooltip_title" : ""
        },
        {
            "value" : "zmdi zmdi-card",
            "tooltip" : "",
            "tooltip_place":"bottom",
            "tooltip_title" : ""
        },
        {
            "value" : "zmdi zmdi-case-check",
            "tooltip" : "",
            "tooltip_place":"bottom",
            "tooltip_title" : ""
        },
        {
            "value" : "zmdi zmdi-case-download",
            "tooltip" : "",
            "tooltip_place":"bottom",
            "tooltip_title" : ""
        },
        {
            "value" : "zmdi zmdi-case-play",
            "tooltip" : "",
            "tooltip_place":"bottom",
            "tooltip_title" : ""
        },
        {
            "value" : "zmdi zmdi-case",
            "tooltip" : "",
            "tooltip_place":"bottom",
            "tooltip_title" : ""
        },
        {
            "value" : "zmdi zmdi-cast-connected",
            "tooltip" : "",
            "tooltip_place":"bottom",
            "tooltip_title" : ""
        },

        {
            "value" : "zmdi zmdi-cast",
            "tooltip" : "",
            "tooltip_place":"bottom",
            "tooltip_title" : ""
        },
        {
            "value" : "zmdi zmdi-chart-donut",
            "tooltip" : "",
            "tooltip_place":"bottom",
            "tooltip_title" : ""
        },
        {
            "value" : "zmdi zmdi-chart",
            "tooltip" : "",
            "tooltip_place":"bottom",
            "tooltip_title" : ""
        },
        {
            "value" : "zmdi zmdi-city-alt",
            "tooltip" : "",
            "tooltip_place":"bottom",
            "tooltip_title" : ""
        },
        {
            "value" : "zmdi zmdi-city",
            "tooltip" : "",
            "tooltip_place":"bottom",
            "tooltip_title" : ""
        },
        {
            "value" : "zmdi zmdi-close-circle-o",
            "tooltip" : "",
            "tooltip_place":"bottom",
            "tooltip_title" : ""
        },
        {
            "value" : "zmdi zmdi-close-circle",
            "tooltip" : "",
            "tooltip_place":"bottom",
            "tooltip_title" : ""
        },
        {
            "value" : "zmdi zmdi-close",
            "tooltip" : "",
            "tooltip_place":"bottom",
            "tooltip_title" : ""
        },
        {
            "value" : "zmdi zmdi-cocktail",
            "tooltip" : "",
            "tooltip_place":"bottom",
            "tooltip_title" : ""
        },
        {
            "value" : "zmdi zmdi-code-setting",
            "tooltip" : "",
            "tooltip_place":"bottom",
            "tooltip_title" : ""
        },
        {
            "value" : "zmdi zmdi-code-smartphone",
            "tooltip" : "",
            "tooltip_place":"bottom",
            "tooltip_title" : ""
        },

        {
            "value" : "zmdi zmdi-code",
            "tooltip" : "",
            "tooltip_place":"bottom",
            "tooltip_title" : ""
        },
        {
            "value" : "zmdi zmdi-coffee",
            "tooltip" : "",
            "tooltip_place":"bottom",
            "tooltip_title" : ""
        },
        {
            "value" : "zmdi zmdi-collection-bookmark",
            "tooltip" : "",
            "tooltip_place":"bottom",
            "tooltip_title" : ""
        },
        {
            "value" : "zmdi zmdi-collection-case-play",
            "tooltip" : "",
            "tooltip_place":"bottom",
            "tooltip_title" : ""
        },
        {
            "value" : "zmdi zmdi-collection-folder-image",
            "tooltip" : "",
            "tooltip_place":"bottom",
            "tooltip_title" : ""
        },
        {
            "value" : "zmdi zmdi-collection-image-o",
            "tooltip" : "",
            "tooltip_place":"bottom",
            "tooltip_title" : ""
        },
        {
            "value" : "zmdi zmdi-collection-image",
            "tooltip" : "",
            "tooltip_place":"bottom",
            "tooltip_title" : ""
        },
        {
            "value" : "zmdi zmdi-collection-item-1",
            "tooltip" : "",
            "tooltip_place":"bottom",
            "tooltip_title" : ""
        },
        {
            "value" : "zmdi zmdi-collection-item-2",
            "tooltip" : "",
            "tooltip_place":"bottom",
            "tooltip_title" : ""
        },
        {
            "value" : "zmdi zmdi-collection-item-3",
            "tooltip" : "",
            "tooltip_place":"bottom",
            "tooltip_title" : ""
        },
        {
            "value" : "zmdi zmdi-collection-item-4",
            "tooltip" : "",
            "tooltip_place":"bottom",
            "tooltip_title" : ""
        },

        {
            "value" : "zmdi zmdi-collection-item-5",
            "tooltip" : "",
            "tooltip_place":"bottom",
            "tooltip_title" : ""
        },
        {
            "value" : "zmdi zmdi-collection-item-6",
            "tooltip" : "",
            "tooltip_place":"bottom",
            "tooltip_title" : ""
        },
        {
            "value" : "zmdi zmdi-collection-item-7",
            "tooltip" : "",
            "tooltip_place":"bottom",
            "tooltip_title" : ""
        },
        {
            "value" : "zmdi zmdi-collection-item-8",
            "tooltip" : "",
            "tooltip_place":"bottom",
            "tooltip_title" : ""
        },
        {
            "value" : "zmdi zmdi-collection-item-9-plus",
            "tooltip" : "",
            "tooltip_place":"bottom",
            "tooltip_title" : ""
        },
        {
            "value" : "zmdi zmdi-collection-item",
            "tooltip" : "",
            "tooltip_place":"bottom",
            "tooltip_title" : ""
        },
        {
            "value" : "zmdi zmdi-collection-music",
            "tooltip" : "",
            "tooltip_place":"bottom",
            "tooltip_title" : ""
        },
        {
            "value" : "zmdi zmdi-collection-pdf",
            "tooltip" : "",
            "tooltip_place":"bottom",
            "tooltip_title" : ""
        },
        {
            "value" : "zmdi zmdi-collection-plus",
            "tooltip" : "",
            "tooltip_place":"bottom",
            "tooltip_title" : ""
        },
        {
            "value" : "zmdi zmdi-collection-speaker",
            "tooltip" : "",
            "tooltip_place":"bottom",
            "tooltip_title" : ""
        },
        {
            "value" : "zmdi zmdi-collection-text",
            "tooltip" : "",
            "tooltip_place":"bottom",
            "tooltip_title" : ""
        },

        {
            "value" : "zmdi zmdi-collection-video",
            "tooltip" : "",
            "tooltip_place":"bottom",
            "tooltip_title" : ""
        },
        {
            "value" : "zmdi zmdi-compass",
            "tooltip" : "",
            "tooltip_place":"bottom",
            "tooltip_title" : ""
        },
        {
            "value" : "zmdi zmdi-cutlery",
            "tooltip" : "",
            "tooltip_place":"bottom",
            "tooltip_title" : ""
        },
        {
            "value" : "zmdi zmdi-delete",
            "tooltip" : "",
            "tooltip_place":"bottom",
            "tooltip_title" : ""
        },
        {
            "value" : "zmdi zmdi-dialpad",
            "tooltip" : "",
            "tooltip_place":"bottom",
            "tooltip_title" : ""
        },
        {
            "value" : "zmdi zmdi-dns",
            "tooltip" : "",
            "tooltip_place":"bottom",
            "tooltip_title" : ""
        },
        {
            "value" : "zmdi zmdi-drink",
            "tooltip" : "",
            "tooltip_place":"bottom",
            "tooltip_title" : ""
        },
        {
            "value" : "zmdi zmdi-edit",
            "tooltip" : "",
            "tooltip_place":"bottom",
            "tooltip_title" : ""
        },
        {
            "value" : "zmdi zmdi-email-open",
            "tooltip" : "",
            "tooltip_place":"bottom",
            "tooltip_title" : ""
        },
        {
            "value" : "zmdi zmdi-email",
            "tooltip" : "",
            "tooltip_place":"bottom",
            "tooltip_title" : ""
        },
        {
            "value" : "zmdi zmdi-eye-off",
            "tooltip" : "",
            "tooltip_place":"bottom",
            "tooltip_title" : ""
        },

        {
            "value" : "zmdi zmdi-eye",
            "tooltip" : "",
            "tooltip_place":"bottom",
            "tooltip_title" : ""
        },
        {
            "value" : "zmdi zmdi-eyedropper",
            "tooltip" : "",
            "tooltip_place":"bottom",
            "tooltip_title" : ""
        },
        {
            "value" : "zmdi zmdi-favorite-outline",
            "tooltip" : "",
            "tooltip_place":"bottom",
            "tooltip_title" : ""
        },
        {
            "value" : "zmdi zmdi-favorite",
            "tooltip" : "",
            "tooltip_place":"bottom",
            "tooltip_title" : ""
        },
        {
            "value" : "zmdi zmdi-filter-list",
            "tooltip" : "",
            "tooltip_place":"bottom",
            "tooltip_title" : ""
        },
        {
            "value" : "zmdi zmdi-fire",
            "tooltip" : "",
            "tooltip_place":"bottom",
            "tooltip_title" : ""
        },
        {
            "value" : "zmdi zmdi-flag",
            "tooltip" : "",
            "tooltip_place":"bottom",
            "tooltip_title" : ""
        },
        {
            "value" : "zmdi zmdi-library",
            "tooltip" : "",
            "tooltip_place":"bottom",
            "tooltip_title" : ""
        },
        {
            "value" : "zmdi zmdi-label",
            "tooltip" : "",
            "tooltip_place":"bottom",
            "tooltip_title" : ""
        },
        {
            "value" : "zmdi zmdi-fullscreen-alt",
            "tooltip" : "",
            "tooltip_place":"bottom",
            "tooltip_title" : ""
        },
        {
            "value" : "zmdi zmdi-local-florist",
            "tooltip" : "",
            "tooltip_place":"bottom",
            "tooltip_title" : ""
        },
        {
            "value" : "zmdi zmdi-store",
            "tooltip" : "",
            "tooltip_place":"bottom",
            "tooltip_title" : ""
        },
        {
            "value" : "zmdi zmdi-refresh",
            "tooltip" : "",
            "tooltip_place":"bottom",
            "tooltip_title" : ""
        },
        {
            "value" : "zmdi zmdi-account",
            "tooltip" : "",
            "tooltip_place":"bottom",
            "tooltip_title" : ""
        },
        {
            "value" : "zmdi zmdi-trending-up",
            "tooltip" : "",
            "tooltip_place":"bottom",
            "tooltip_title" : ""
        },
        {
            "value" : "zmdi zmdi-volume-up",
            "tooltip" : "",
            "tooltip_place":"bottom",
            "tooltip_title" : ""
        }
    ],
    "custom_icon":[],
    "login_style":[
        {
            "login_style":"CONST_LOGIN_STYLE_1",
            "label_style":"Login_style_1",
            "image_style": "assets/images/left-theme.png",
            "logo_login": "assets/images/pq-logo-w.svg",
            "background_image":"assets/images/login-dark-3.jpg"
        },
        {
            "login_style":"CONST_LOGIN_STYLE_2",
            "label_style":"Login_style_2",
            "image_style": "assets/images/center-theme.png",
            "logo_login": "assets/images/pq-logo-w.svg",
            "background_image":"assets/images/login-dark-3.jpg"
        },
        {
            "login_style":"CONST_LOGIN_STYLE_3",
            "label_style":"Login_style_3",
            "image_style": "assets/images/right-theme.png",
            "logo_login": "assets/images/pq-logo-w.svg",
            "background_image":"assets/images/login-dark-3.jpg"
        }
    ],
    "menu_default":{
        "id" : "menu_",
        "dashboard_id": null,
        "dashboard": {},
        "title": "Menu Title ",
        "enable_icon_default" : false,
        "icon": "",
        "enable_protect_module": false,
        "options": {
            "icon": "",
            "enable_protect_module": false,
            "enable_icon_default" : false,
            "enable_share_via_email": false
        },
        "expanded" : false
    },
    "application":{
        "slug" : "dss_applications_slug",
        "username" : "syawal",
        "password" : "syawal",
        "application_id": "24732298-4952-4052-8f9d-cb9b1e60d858"
    },
    "messasge":{
        "modal": {
            "save":{

            }
        }
    },
    "result_search":{
        "dashboard_data":{
            "dashboard_title": "Search Results",
            "id": 1000,
            "slug": "home-ca811367-079c-4eb5-9d6a-0458f88f7d2d1910",
            "share_url": "sid=7128&standalone=true&token=eyJhbGciOiJIUzI1NiIsInR5cCI6IkpXVCJ9.eyJFeHBpcmVkIjoxOTE4MDI4MTU3LCJJZGVudGl0eSI6NzEyOCwiVG9rZW5UeXBlIjowfQ.p2X0V076M_bK_fEshLVb2XpG6UOPg38crAAJl-KdoHc",
            "position_json" : null,
            "datasources" : null,
            "slices": [
                {
                    "dashboard_id": 3304,
                    "datasource": "0o3N4lge0K3|view_1_2020100102534686",
                    "description": "",
                    "description_markeddown": "",
                    "edit_url": "/chart/explore/?form_data={\"slice_id\":4505}",
                    "form_data": {
                        "alphabet_filter": false,
                        "choose_pallete": "default_pallete",
                        "colorpickers": [],
                        "datasource": "0o3N4lge0K3|view_1_2020100102534686__table",
                        "datasource_name": "view_1_2020100102534686",
                        "date_filter": false,
                        "filter_alignment_horizontal": false,
                        "filter_checkbox": false,
                        "filter_checkbox_columns": [["c", "c"]],
                        "filter_control_alphabetic": "",
                        "filter_control_checkbox": "",
                        "filter_date": "",
                        "filter_date_type": "",
                        "filters": [],
                        "granularity_sqla": null,
                        "groupby": ["c"],
                        "hide_background": false,
                        "hide_title": false,
                        "initial_date_filter": "",
                        "instant_filtering": false,
                        "legend_orient": "horizontal",
                        "legend_position": "top",
                        "legend_type": "scroll",
                        "legend_width": 400,
                        "metric": "count",
                        "since": "",
                        "slice_id": 4505,
                        "time_grain_sqla": null,
                        "until": "",
                        "viz_type": "filter_box"
                    },
                    "slice_id": 4505,
                    "slice_name": "akbs - filter",
                    "slice_url": "/chart/explore/?form_data={\"slice_id\":4505}"
                },
                {
                    "dashboard_id": 3304,
                    "datasource": "0o3N4lge0K3|view_1_2020100102534686",
                    "description": "",
                    "description_markeddown": "",
                    "edit_url": "/chart/explore/?form_data={\"slice_id\":4504}",
                    "form_data": {
                        "bar_stacked": false,
                        "bottom_margin": "auto",
                        "chart_on_click": true,
                        "choose_pallete": "default_pallete",
                        "color_scheme": "palette1",
                        "colorpickers": [{ "colorpicker": "#808080", "entity": "f (Sum)s nih" }],
                        "columns": [],
                        "count_stacked": false,
                        "datasource": "0o3N4lge0K3|view_1_2020100102534686__table",
                        "datasource_name": "view_1_2020100102534686",
                        "dist_bar_sorter": "x_axis",
                        "filter_date": "",
                        "filter_date_type": "",
                        "filters": [
                            { "col": "c", "op": "==", "val": "SIMA" },
                            { "col": "c", "op": "==", "val": "MLPL" }
                        ],
                        "format_number_id": false,
                        "granularity_sqla": null,
                        "groupby": ["a"],
                        "initial_date_filter": "",
                        "legend_orient": "horizontal",
                        "legend_position": "top",
                        "legend_type": "scroll",
                        "legend_width": 400,
                        "link_to": "table-drilldown-ca811367-079c-4eb5-9d6a-0458f88f7d2d3303",
                        "metrics": ["sum__f"],
                        "order_desc": true,
                        "random_color": false,
                        "rotate_axis": "",
                        "row_limit": 10,
                        "show_bar_value": false,
                        "show_dual_axis_line": false,
                        "show_legend": false,
                        "since": "",
                        "slice_id": 4504,
                        "style_tooltips": "item",
                        "time_grain_sqla": null,
                        "tooltips": [],
                        "until": "",
                        "viz_type": "dist_bar",
                        "with_line": false,
                        "x_as_date": true,
                        "y_axis_bounds_max": "",
                        "y_axis_bounds_min": "",
                        "y_axis_format": ","
                    },
                    "slice_id": 4504,
                    "slice_name": "akbs - bar",
                    "slice_url": "/chart/explore/?form_data={\"slice_id\":4504}"
                },
                {
                    "dashboard_id": 3304,
                    "datasource": "0o3N4lge0K3|view_1_2020100102534686",
                    "description": "",
                    "description_markeddown": "",
                    "edit_url": "/chart/explore/?form_data={\"slice_id\":4600}",
                    "form_data": {
                        "border_position": "",
                        "chart_on_click": true,
                        "choose_pallete": "default_pallete",
                        "colorpickers": [
                            { "colorpicker": "#808080", "entity": "Value" },
                            { "colorpicker": "#808080", "entity": "Label Name" }
                        ],
                        "datasource": "0o3N4lge0K3|view_1_2020100102534686__table",
                        "datasource_name": "view_1_2020100102534686",
                        "filter_date": "",
                        "filter_date_type": "",
                        "filter_item": "b",
                        "filter_label": "FO",
                        "filters": [],
                        "format_number_id": false,
                        "granularity_sqla": null,
                        "hide_background": false,
                        "hide_title": false,
                        "initial_date_filter": "",
                        "label_position": "bottom",
                        "legend_orient": "horizontal",
                        "legend_position": "top",
                        "legend_type": "scroll",
                        "legend_width": 400,
                        "link_to": "table-drilldown-ca811367-079c-4eb5-9d6a-0458f88f7d2d3303",
                        "metric": "sum__f",
                        "show_border": false,
                        "since": "",
                        "slice_id": 4600,
                        "subheader": "",
                        "subheaderfontsize": 2,
                        "time_grain_sqla": null,
                        "until": "",
                        "viz_type": "big_number_total",
                        "y_axis_format": ".3s",
                        "zoomsize": 4
                    },
                    "slice_id": 4600,
                    "slice_name": "akbs - bignum",
                    "slice_url": "/chart/explore/?form_data={\"slice_id\":4600}"
                },
                {
                    "dashboard_id": 3304,
                    "datasource": "0o3N4lge0K3|view_1_2020100102534686",
                    "description": "",
                    "description_markeddown": "",
                    "edit_url": "/chart/explore/?form_data={\"slice_id\":4700}",
                    "form_data": {
                        "bottom_margin": "auto",
                        "chart_on_click": true,
                        "choose_pallete": "default_pallete",
                        "color_scheme": "palette1",
                        "colorpickers": [
                            { "colorpicker": "#808080", "entity": "2019-10-01 00:00:00 +0000 UTC" },
                            { "colorpicker": "#808080", "entity": "2020-01-17 00:00:00 +0000 UTC" },
                            { "colorpicker": "#808080", "entity": "2019-12-04 00:00:00 +0000 UTC" },
                            { "colorpicker": "#808080", "entity": "2019-10-10 00:00:00 +0000 UTC" },
                            { "colorpicker": "#808080", "entity": "2019-10-09 00:00:00 +0000 UTC" },
                            { "colorpicker": "#808080", "entity": "2019-11-25 00:00:00 +0000 UTC" },
                            { "colorpicker": "#808080", "entity": "2019-10-11 00:00:00 +0000 UTC" },
                            { "colorpicker": "#808080", "entity": "2019-10-15 00:00:00 +0000 UTC" },
                            { "colorpicker": "#808080", "entity": "2020-01-06 00:00:00 +0000 UTC" },
                            { "colorpicker": "#808080", "entity": "2019-11-28 00:00:00 +0000 UTC" },
                            { "colorpicker": "#808080", "entity": "2020-01-27 00:00:00 +0000 UTC" },
                            { "colorpicker": "#808080", "entity": "2020-01-22 00:00:00 +0000 UTC" },
                            { "colorpicker": "#808080", "entity": "2020-01-14 00:00:00 +0000 UTC" },
                            { "colorpicker": "#808080", "entity": "2020-01-15 00:00:00 +0000 UTC" },
                            { "colorpicker": "#808080", "entity": "2020-01-08 00:00:00 +0000 UTC" },
                            { "colorpicker": "#808080", "entity": "2020-03-04 00:00:00 +0000 UTC" },
                            { "colorpicker": "#808080", "entity": "2020-03-03 00:00:00 +0000 UTC" },
                            { "colorpicker": "#808080", "entity": "2020-03-05 00:00:00 +0000 UTC" },
                            { "colorpicker": "#808080", "entity": "2020-02-28 00:00:00 +0000 UTC" },
                            { "colorpicker": "#808080", "entity": "2019-10-07 00:00:00 +0000 UTC" },
                            { "colorpicker": "#808080", "entity": "2019-10-24 00:00:00 +0000 UTC" },
                            { "colorpicker": "#808080", "entity": "2019-10-04 00:00:00 +0000 UTC" },
                            { "colorpicker": "#808080", "entity": "2019-10-16 00:00:00 +0000 UTC" },
                            { "colorpicker": "#808080", "entity": "2020-01-09 00:00:00 +0000 UTC" },
                            { "colorpicker": "#808080", "entity": "2020-01-23 00:00:00 +0000 UTC" },
                            { "colorpicker": "#808080", "entity": "2020-02-18 00:00:00 +0000 UTC" },
                            { "colorpicker": "#808080", "entity": "2020-02-27 00:00:00 +0000 UTC" },
                            { "colorpicker": "#808080", "entity": "2020-01-13 00:00:00 +0000 UTC" },
                            { "colorpicker": "#808080", "entity": "2020-01-28 00:00:00 +0000 UTC" },
                            { "colorpicker": "#808080", "entity": "2020-01-16 00:00:00 +0000 UTC" },
                            { "colorpicker": "#808080", "entity": "2020-01-24 00:00:00 +0000 UTC" },
                            { "colorpicker": "#808080", "entity": "2020-02-05 00:00:00 +0000 UTC" },
                            { "colorpicker": "#808080", "entity": "2020-03-06 00:00:00 +0000 UTC" },
                            { "colorpicker": "#808080", "entity": "2019-12-02 00:00:00 +0000 UTC" },
                            { "colorpicker": "#808080", "entity": "2020-02-21 00:00:00 +0000 UTC" },
                            { "colorpicker": "#808080", "entity": "2019-10-03 00:00:00 +0000 UTC" },
                            { "colorpicker": "#808080", "entity": "2019-10-08 00:00:00 +0000 UTC" },
                            { "colorpicker": "#808080", "entity": "2020-02-17 00:00:00 +0000 UTC" },
                            { "colorpicker": "#808080", "entity": "2020-01-10 00:00:00 +0000 UTC" },
                            { "colorpicker": "#808080", "entity": "2020-01-03 00:00:00 +0000 UTC" },
                            { "colorpicker": "#808080", "entity": "2019-10-14 00:00:00 +0000 UTC" },
                            { "colorpicker": "#808080", "entity": "2019-12-10 00:00:00 +0000 UTC" },
                            { "colorpicker": "#808080", "entity": "2020-02-06 00:00:00 +0000 UTC" },
                            { "colorpicker": "#808080", "entity": "2020-03-02 00:00:00 +0000 UTC" },
                            { "colorpicker": "#808080", "entity": "2020-02-10 00:00:00 +0000 UTC" },
                            { "colorpicker": "#808080", "entity": "2019-10-17 00:00:00 +0000 UTC" },
                            { "colorpicker": "#808080", "entity": "2020-01-07 00:00:00 +0000 UTC" },
                            { "colorpicker": "#808080", "entity": "2019-11-29 00:00:00 +0000 UTC" },
                            { "colorpicker": "#808080", "entity": "2019-12-11 00:00:00 +0000 UTC" },
                            { "colorpicker": "#808080", "entity": "2019-12-05 00:00:00 +0000 UTC" },
                            { "colorpicker": "#808080", "entity": "2019-12-03 00:00:00 +0000 UTC" },
                            { "colorpicker": "#808080", "entity": "2020-02-11 00:00:00 +0000 UTC" },
                            { "colorpicker": "#808080", "entity": "2020-02-19 00:00:00 +0000 UTC" },
                            { "colorpicker": "#808080", "entity": "SILO" },
                            { "colorpicker": "#808080", "entity": "SMRA" },
                            { "colorpicker": "#808080", "entity": "BBTN" },
                            { "colorpicker": "#808080", "entity": "ASII" },
                            { "colorpicker": "#808080", "entity": "SUBA" },
                            { "colorpicker": "#808080", "entity": "AKRA" },
                            { "colorpicker": "#808080", "entity": "BYAN" },
                            { "colorpicker": "#808080", "entity": "ADRO" },
                            { "colorpicker": "#808080", "entity": "BLTA" },
                            { "colorpicker": "#808080", "entity": "TINS" },
                            { "colorpicker": "#808080", "entity": "AUTO" },
                            { "colorpicker": "#808080", "entity": "INCO" },
                            { "colorpicker": "#808080", "entity": "EXCL" },
                            { "colorpicker": "#808080", "entity": "ACST" },
                            { "colorpicker": "#808080", "entity": "PTBA" },
                            { "colorpicker": "#808080", "entity": "ITMG" },
                            { "colorpicker": "#808080", "entity": "TPIA" },
                            { "colorpicker": "#808080", "entity": "LPPF" },
                            { "colorpicker": "#808080", "entity": "MNCN" },
                            { "colorpicker": "#808080", "entity": "SUPR" },
                            { "colorpicker": "#808080", "entity": "UNTR" },
                            { "colorpicker": "#808080", "entity": "ACES" },
                            { "colorpicker": "#808080", "entity": "BTEL" },
                            { "colorpicker": "#808080", "entity": "MAPI" },
                            { "colorpicker": "#808080", "entity": "WINS" },
                            { "colorpicker": "#808080", "entity": "BRPT" },
                            { "colorpicker": "#808080", "entity": "SCMA" },
                            { "colorpicker": "#808080", "entity": "GGRM" },
                            { "colorpicker": "#808080", "entity": "OKAS" },
                            { "colorpicker": "#808080", "entity": "ADHI" },
                            { "colorpicker": "#808080", "entity": "KIAS" },
                            { "colorpicker": "#808080", "entity": "BAYU" },
                            { "colorpicker": "#808080", "entity": "ENRG" },
                            { "colorpicker": "#808080", "entity": "RMBA" },
                            { "colorpicker": "#808080", "entity": "WSKT" },
                            { "colorpicker": "#808080", "entity": "SAFE" },
                            { "colorpicker": "#808080", "entity": "CTRA" },
                            { "colorpicker": "#808080", "entity": "SR009" },
                            { "colorpicker": "#808080", "entity": "MDKA" },
                            { "colorpicker": "#808080", "entity": "CPIN" },
                            { "colorpicker": "#808080", "entity": "BDMN" },
                            { "colorpicker": "#808080", "entity": "GIAA" },
                            { "colorpicker": "#808080", "entity": "SUDI" },
                            { "colorpicker": "#808080", "entity": "WIKA" },
                            { "colorpicker": "#808080", "entity": "TFCO" },
                            { "colorpicker": "#808080", "entity": "CEKA" },
                            { "colorpicker": "#808080", "entity": "SR011" },
                            { "colorpicker": "#808080", "entity": "BHIT" },
                            { "colorpicker": "#808080", "entity": "ANTM" },
                            { "colorpicker": "#808080", "entity": "INVS" },
                            { "colorpicker": "#808080", "entity": "MTDL" },
                            { "colorpicker": "#808080", "entity": "ORI014" },
                            { "colorpicker": "#808080", "entity": "AALI" },
                            { "colorpicker": "#808080", "entity": "BMRA" },
                            { "colorpicker": "#808080", "entity": "" },
                            { "colorpicker": "#808080", "entity": "ARGO" },
                            { "colorpicker": "#808080", "entity": "SR010" },
                            { "colorpicker": "#808080", "entity": "UNVR" },
                            { "colorpicker": "#808080", "entity": "PANS" },
                            { "colorpicker": "#808080", "entity": "ITTG" },
                            { "colorpicker": "#808080", "entity": "MCOR" },
                            { "colorpicker": "#808080", "entity": "PNBN" },
                            { "colorpicker": "#808080", "entity": "CFIN" },
                            { "colorpicker": "#808080", "entity": "PTPP" },
                            { "colorpicker": "#808080", "entity": "ORI016" },
                            { "colorpicker": "#808080", "entity": "DEWA" },
                            { "colorpicker": "#808080", "entity": "ALKA" },
                            { "colorpicker": "#808080", "entity": "JSMR" },
                            { "colorpicker": "#808080", "entity": "KBRI" },
                            { "colorpicker": "#808080", "entity": "TKGA" },
                            { "colorpicker": "#808080", "entity": "BRAU" },
                            { "colorpicker": "#808080", "entity": "LPKR" },
                            { "colorpicker": "#808080", "entity": "LPLI" },
                            { "colorpicker": "#808080", "entity": "INTA-W" },
                            { "colorpicker": "#808080", "entity": "SIIP" },
                            { "colorpicker": "#808080", "entity": "SULI" },
                            { "colorpicker": "#808080", "entity": "DAVO" },
                            { "colorpicker": "#808080", "entity": "SRSN" },
                            { "colorpicker": "#808080", "entity": "TMPI" },
                            { "colorpicker": "#808080", "entity": "INTA" },
                            { "colorpicker": "#808080", "entity": "LPPS" },
                            { "colorpicker": "#808080", "entity": "AGRO" },
                            { "colorpicker": "#808080", "entity": "BKSL-W" },
                            { "colorpicker": "#808080", "entity": "CAMP" },
                            { "colorpicker": "#808080", "entity": "JAKA" },
                            { "colorpicker": "#808080", "entity": "LAPD" },
                            { "colorpicker": "#808080", "entity": "AKPI" },
                            { "colorpicker": "#808080", "entity": "MIRA" },
                            { "colorpicker": "#808080", "entity": "FREN" },
                            { "colorpicker": "#808080", "entity": "BIPP" },
                            { "colorpicker": "#808080", "entity": "TGKA" },
                            { "colorpicker": "#808080", "entity": "GDWU" },
                            { "colorpicker": "#808080", "entity": "MDLN" },
                            { "colorpicker": "#808080", "entity": "TRST" },
                            { "colorpicker": "#808080", "entity": "CMNP" },
                            { "colorpicker": "#808080", "entity": "POLY" },
                            { "colorpicker": "#808080", "entity": "SMSM" },
                            { "colorpicker": "#808080", "entity": "KOIN" },
                            { "colorpicker": "#808080", "entity": "ELTY" },
                            { "colorpicker": "#808080", "entity": "KIJA" },
                            { "colorpicker": "#808080", "entity": "MYTX" },
                            { "colorpicker": "#808080", "entity": "DSUC" },
                            { "colorpicker": "#808080", "entity": "GRIV" },
                            { "colorpicker": "#808080", "entity": "HOKI-W" },
                            { "colorpicker": "#808080", "entity": "MYOR" },
                            { "colorpicker": "#808080", "entity": "BUMI" },
                            { "colorpicker": "#808080", "entity": "WICO" },
                            { "colorpicker": "#808080", "entity": "BCIC" },
                            { "colorpicker": "#808080", "entity": "TBLA01CN1" },
                            { "colorpicker": "#808080", "entity": "WSKT03ACN1" },
                            { "colorpicker": "#808080", "entity": "ALDI" },
                            { "colorpicker": "#808080", "entity": "JPFA" },
                            { "colorpicker": "#808080", "entity": "TAXI" },
                            { "colorpicker": "#808080", "entity": "UNIC" },
                            { "colorpicker": "#808080", "entity": "IKAI" },
                            { "colorpicker": "#808080", "entity": "BIPI" },
                            { "colorpicker": "#808080", "entity": "ASBI" },
                            { "colorpicker": "#808080", "entity": "ESTI" },
                            { "colorpicker": "#808080", "entity": "ABBA" },
                            { "colorpicker": "#808080", "entity": "BEKS" },
                            { "colorpicker": "#808080", "entity": "SPMA" },
                            { "colorpicker": "#808080", "entity": "BCAP" },
                            { "colorpicker": "#808080", "entity": "HEXA" },
                            { "colorpicker": "#808080", "entity": "TIRT" },
                            { "colorpicker": "#808080", "entity": "BBCA" },
                            { "colorpicker": "#808080", "entity": "DKFT" },
                            { "colorpicker": "#808080", "entity": "HMSP" },
                            { "colorpicker": "#808080", "entity": "SMMT" },
                            { "colorpicker": "#808080", "entity": "KLBF" },
                            { "colorpicker": "#808080", "entity": "ISAT" },
                            { "colorpicker": "#808080", "entity": "META" },
                            { "colorpicker": "#808080", "entity": "PPRO" },
                            { "colorpicker": "#808080", "entity": "MPPA" },
                            { "colorpicker": "#808080", "entity": "MMLP" },
                            { "colorpicker": "#808080", "entity": "NISP" },
                            { "colorpicker": "#808080", "entity": "AGII" },
                            { "colorpicker": "#808080", "entity": "SMGR" },
                            { "colorpicker": "#808080", "entity": "MIKA" },
                            { "colorpicker": "#808080", "entity": "TKIM" },
                            { "colorpicker": "#808080", "entity": "LMAS" },
                            { "colorpicker": "#808080", "entity": "BMRI" },
                            { "colorpicker": "#808080", "entity": "PNIN" },
                            { "colorpicker": "#808080", "entity": "BBKP" },
                            { "colorpicker": "#808080", "entity": "BJBR" },
                            { "colorpicker": "#808080", "entity": "BSDE" },
                            { "colorpicker": "#808080", "entity": "BSIM" },
                            { "colorpicker": "#808080", "entity": "MEDC-W" },
                            { "colorpicker": "#808080", "entity": "PNSE" },
                            { "colorpicker": "#808080", "entity": "DLTA" },
                            { "colorpicker": "#808080", "entity": "CPRO" },
                            { "colorpicker": "#808080", "entity": "JIHD" },
                            { "colorpicker": "#808080", "entity": "APLN" },
                            { "colorpicker": "#808080", "entity": "MDRN" },
                            { "colorpicker": "#808080", "entity": "UNIT" },
                            { "colorpicker": "#808080", "entity": "INTP" },
                            { "colorpicker": "#808080", "entity": "BBRI" },
                            { "colorpicker": "#808080", "entity": "FAST" },
                            { "colorpicker": "#808080", "entity": "INAF" },
                            { "colorpicker": "#808080", "entity": "PWON" },
                            { "colorpicker": "#808080", "entity": "TBIG" },
                            { "colorpicker": "#808080", "entity": "BFIN" },
                            { "colorpicker": "#808080", "entity": "RALS" },
                            { "colorpicker": "#808080", "entity": "SMAR" },
                            { "colorpicker": "#808080", "entity": "BJTM" },
                            { "colorpicker": "#808080", "entity": "BMTR" },
                            { "colorpicker": "#808080", "entity": "MERK" },
                            { "colorpicker": "#808080", "entity": "DART" },
                            { "colorpicker": "#808080", "entity": "ELSA" },
                            { "colorpicker": "#808080", "entity": "LSIP" },
                            { "colorpicker": "#808080", "entity": "SRIL" },
                            { "colorpicker": "#808080", "entity": "MYOH" },
                            { "colorpicker": "#808080", "entity": "FASW" },
                            { "colorpicker": "#808080", "entity": "LMPI" },
                            { "colorpicker": "#808080", "entity": "SSIA" },
                            { "colorpicker": "#808080", "entity": "DUTI" },
                            { "colorpicker": "#808080", "entity": "BRPT-W" },
                            { "colorpicker": "#808080", "entity": "JRPT" },
                            { "colorpicker": "#808080", "entity": "EMDE" },
                            { "colorpicker": "#808080", "entity": "PBID" },
                            { "colorpicker": "#808080", "entity": "SRAJ" },
                            { "colorpicker": "#808080", "entity": "DPUM" },
                            { "colorpicker": "#808080", "entity": "KAEF" },
                            { "colorpicker": "#808080", "entity": "ICON" },
                            { "colorpicker": "#808080", "entity": "PSDN" },
                            { "colorpicker": "#808080", "entity": "ARTO" },
                            { "colorpicker": "#808080", "entity": "WOMF" },
                            { "colorpicker": "#808080", "entity": "INDY" },
                            { "colorpicker": "#808080", "entity": "MICE" },
                            { "colorpicker": "#808080", "entity": "PADI" },
                            { "colorpicker": "#808080", "entity": "SSMS" },
                            { "colorpicker": "#808080", "entity": "WEHA" },
                            { "colorpicker": "#808080", "entity": "BUVA" },
                            { "colorpicker": "#808080", "entity": "SKBM" },
                            { "colorpicker": "#808080", "entity": "TOWR" },
                            { "colorpicker": "#808080", "entity": "INDON 20" },
                            { "colorpicker": "#808080", "entity": "ROTI" },
                            { "colorpicker": "#808080", "entity": "IATG01C" },
                            { "colorpicker": "#808080", "entity": "RINA" },
                            { "colorpicker": "#808080", "entity": "TMAS" },
                            { "colorpicker": "#808080", "entity": "BABP" },
                            { "colorpicker": "#808080", "entity": "TOTO" },
                            { "colorpicker": "#808080", "entity": "MLIA" },
                            { "colorpicker": "#808080", "entity": "FORZ" },
                            { "colorpicker": "#808080", "entity": "TEBE" },
                            { "colorpicker": "#808080", "entity": "BBIA02SBCN2" },
                            { "colorpicker": "#808080", "entity": "BIMA" },
                            { "colorpicker": "#808080", "entity": "TSPC" },
                            { "colorpicker": "#808080", "entity": "BWPT" },
                            { "colorpicker": "#808080", "entity": "RANC" },
                            { "colorpicker": "#808080", "entity": "FR0080" },
                            { "colorpicker": "#808080", "entity": "MAIN" },
                            { "colorpicker": "#808080", "entity": "LINK" },
                            { "colorpicker": "#808080", "entity": "TUGU" },
                            { "colorpicker": "#808080", "entity": "WTON" },
                            { "colorpicker": "#808080", "entity": "ESSA" },
                            { "colorpicker": "#808080", "entity": "FR0068" },
                            { "colorpicker": "#808080", "entity": "MSKY" },
                            { "colorpicker": "#808080", "entity": "HEAL" },
                            { "colorpicker": "#808080", "entity": "XAQA" },
                            { "colorpicker": "#808080", "entity": "XPCR" },
                            { "colorpicker": "#808080", "entity": "INDR" },
                            { "colorpicker": "#808080", "entity": "MEDC" },
                            { "colorpicker": "#808080", "entity": "ISSP" },
                            { "colorpicker": "#808080", "entity": "LPCK-P" },
                            { "colorpicker": "#808080", "entity": "BTPS" },
                            { "colorpicker": "#808080", "entity": "ASSA" },
                            { "colorpicker": "#808080", "entity": "XMIG" },
                            { "colorpicker": "#808080", "entity": "GJTL" },
                            { "colorpicker": "#808080", "entity": "EKAD-P" },
                            { "colorpicker": "#808080", "entity": "BRMS" },
                            { "colorpicker": "#808080", "entity": "ISAT02DCN3" },
                            { "colorpicker": "#808080", "entity": "XKIV" },
                            { "colorpicker": "#808080", "entity": "PNLF" },
                            { "colorpicker": "#808080", "entity": "ERAA" },
                            { "colorpicker": "#808080", "entity": "ICBP" },
                            { "colorpicker": "#808080", "entity": "WSBP" },
                            { "colorpicker": "#808080", "entity": "DOID" },
                            { "colorpicker": "#808080", "entity": "SIDO" },
                            { "colorpicker": "#808080", "entity": "GZCO" },
                            { "colorpicker": "#808080", "entity": "BUKK" },
                            { "colorpicker": "#808080", "entity": "HERO" },
                            { "colorpicker": "#808080", "entity": "BTPN" },
                            { "colorpicker": "#808080", "entity": "DILD" },
                            { "colorpicker": "#808080", "entity": "GPRA" },
                            { "colorpicker": "#808080", "entity": "KBLV" },
                            { "colorpicker": "#808080", "entity": "EKAD" },
                            { "colorpicker": "#808080", "entity": "EPMT" },
                            { "colorpicker": "#808080", "entity": "ABDA" },
                            { "colorpicker": "#808080", "entity": "BPFI" },
                            { "colorpicker": "#808080", "entity": "IMAS" },
                            { "colorpicker": "#808080", "entity": "BRNA" },
                            { "colorpicker": "#808080", "entity": "ADES" },
                            { "colorpicker": "#808080", "entity": "ASRI" },
                            { "colorpicker": "#808080", "entity": "GMFI" },
                            { "colorpicker": "#808080", "entity": "DVLA" },
                            { "colorpicker": "#808080", "entity": "SMDM" },
                            { "colorpicker": "#808080", "entity": "TURI" },
                            { "colorpicker": "#808080", "entity": "MAYA" },
                            { "colorpicker": "#808080", "entity": "ARNA" },
                            { "colorpicker": "#808080", "entity": "TCID" },
                            { "colorpicker": "#808080", "entity": "MBSS" },
                            { "colorpicker": "#808080", "entity": "MTLA" },
                            { "colorpicker": "#808080", "entity": "BBLD" },
                            { "colorpicker": "#808080", "entity": "CASA" },
                            { "colorpicker": "#808080", "entity": "BIRD" },
                            { "colorpicker": "#808080", "entity": "VOKS" },
                            { "colorpicker": "#808080", "entity": "BISI" },
                            { "colorpicker": "#808080", "entity": "TOPS" },
                            { "colorpicker": "#808080", "entity": "TOTL" },
                            { "colorpicker": "#808080", "entity": "KMTR" },
                            { "colorpicker": "#808080", "entity": "AISA" },
                            { "colorpicker": "#808080", "entity": "ECII" },
                            { "colorpicker": "#808080", "entity": "UCID" },
                            { "colorpicker": "#808080", "entity": "BVIC" },
                            { "colorpicker": "#808080", "entity": "GOLL" },
                            { "colorpicker": "#808080", "entity": "SGRO" },
                            { "colorpicker": "#808080", "entity": "KIOS" },
                            { "colorpicker": "#808080", "entity": "CSAP" },
                            { "colorpicker": "#808080", "entity": "DUCK" },
                            { "colorpicker": "#808080", "entity": "WIIM" },
                            { "colorpicker": "#808080", "entity": "JSKY" },
                            { "colorpicker": "#808080", "entity": "LPCK" },
                            { "colorpicker": "#808080", "entity": "POWR" },
                            { "colorpicker": "#808080", "entity": "MBTO" },
                            { "colorpicker": "#808080", "entity": "BKSL" },
                            { "colorpicker": "#808080", "entity": "BULL-W2" },
                            { "colorpicker": "#808080", "entity": "CASS" },
                            { "colorpicker": "#808080", "entity": "ALMI" },
                            { "colorpicker": "#808080", "entity": "NRCA" },
                            { "colorpicker": "#808080", "entity": "YULE" },
                            { "colorpicker": "#808080", "entity": "VIVA" },
                            { "colorpicker": "#808080", "entity": "BEST" },
                            { "colorpicker": "#808080", "entity": "BULL" },
                            { "colorpicker": "#808080", "entity": "SIMP" },
                            { "colorpicker": "#808080", "entity": "TGRA" },
                            { "colorpicker": "#808080", "entity": "DMMX" },
                            { "colorpicker": "#808080", "entity": "MCAS" },
                            { "colorpicker": "#808080", "entity": "NUSA" },
                            { "colorpicker": "#808080", "entity": "ZBRA" },
                            { "colorpicker": "#808080", "entity": "LTLS" },
                            { "colorpicker": "#808080", "entity": "SCCO" },
                            { "colorpicker": "#808080", "entity": "SMCB" },
                            { "colorpicker": "#808080", "entity": "TRAM" },
                            { "colorpicker": "#808080", "entity": "NASA" },
                            { "colorpicker": "#808080", "entity": "POLL" },
                            { "colorpicker": "#808080", "entity": "TBLA" },
                            { "colorpicker": "#808080", "entity": "TELE" },
                            { "colorpicker": "#808080", "entity": "TARA" },
                            { "colorpicker": "#808080", "entity": "RDTX" },
                            { "colorpicker": "#808080", "entity": "IIKP" },
                            { "colorpicker": "#808080", "entity": "WEGE" },
                            { "colorpicker": "#808080", "entity": "GSMF" },
                            { "colorpicker": "#808080", "entity": "AMRT" },
                            { "colorpicker": "#808080", "entity": "MINA" },
                            { "colorpicker": "#808080", "entity": "RISE" },
                            { "colorpicker": "#808080", "entity": "FR0078" },
                            { "colorpicker": "#808080", "entity": "GJDDXX16MSP" },
                            { "colorpicker": "#808080", "entity": "INDS-P" },
                            { "colorpicker": "#808080", "entity": "SMBR" },
                            { "colorpicker": "#808080", "entity": "MASA" },
                            { "colorpicker": "#808080", "entity": "MREI" },
                            { "colorpicker": "#808080", "entity": "FR0072" },
                            { "colorpicker": "#808080", "entity": "MREI-P" },
                            { "colorpicker": "#808080", "entity": "INDS" },
                            { "colorpicker": "#808080", "entity": "KINO" },
                            { "colorpicker": "#808080", "entity": "TINS01ACN2" },
                            { "colorpicker": "#808080", "entity": "IPTV-W" },
                            { "colorpicker": "#808080", "entity": "KOBX" },
                            { "colorpicker": "#808080", "entity": "KREN" },
                            { "colorpicker": "#808080", "entity": "AMFG" },
                            { "colorpicker": "#808080", "entity": "DMAS" },
                            { "colorpicker": "#808080", "entity": "MOLI" },
                            { "colorpicker": "#808080", "entity": "JGLE" },
                            { "colorpicker": "#808080", "entity": "BMTP01A" },
                            { "colorpicker": "#808080", "entity": "CITY" },
                            { "colorpicker": "#808080", "entity": "AIMS" },
                            { "colorpicker": "#808080", "entity": "KOTA" },
                            { "colorpicker": "#808080", "entity": "PRIM" },
                            { "colorpicker": "#808080", "entity": "BULL-W" },
                            { "colorpicker": "#808080", "entity": "GDST" },
                            { "colorpicker": "#808080", "entity": "MTFN" },
                            { "colorpicker": "#808080", "entity": "ESTI-P" },
                            { "colorpicker": "#808080", "entity": "XBID" },
                            { "colorpicker": "#808080", "entity": "JAWA" },
                            { "colorpicker": "#808080", "entity": "KICI" },
                            { "colorpicker": "#808080", "entity": "ASGR" },
                            { "colorpicker": "#808080", "entity": "BCIC-P" },
                            { "colorpicker": "#808080", "entity": "SDMU" },
                            { "colorpicker": "#808080", "entity": "POOL" },
                            { "colorpicker": "#808080", "entity": "AGII01ACN3" },
                            { "colorpicker": "#808080", "entity": "SHID" },
                            { "colorpicker": "#808080", "entity": "CNTX" },
                            { "colorpicker": "#808080", "entity": "TEJA" },
                            { "colorpicker": "#808080", "entity": "SMMA" },
                            { "colorpicker": "#808080", "entity": "IKBI" },
                            { "colorpicker": "#808080", "entity": "SDPC" },
                            { "colorpicker": "#808080", "entity": "MPMX" },
                            { "colorpicker": "#808080", "entity": "BMTP01ACN1" },
                            { "colorpicker": "#808080", "entity": "FR0077" },
                            { "colorpicker": "#808080", "entity": "FISK-P" },
                            { "colorpicker": "#808080", "entity": "XS1746134516" },
                            { "colorpicker": "#808080", "entity": "MEDC03ACN3" },
                            { "colorpicker": "#808080", "entity": "XAFA" },
                            { "colorpicker": "#808080", "entity": "XBES" },
                            { "colorpicker": "#808080", "entity": "FR0071" },
                            { "colorpicker": "#808080", "entity": "CITA" },
                            { "colorpicker": "#808080", "entity": "PSMD" },
                            { "colorpicker": "#808080", "entity": "PKPK" },
                            { "colorpicker": "#808080", "entity": "FPNI" },
                            { "colorpicker": "#808080", "entity": "TRIL" },
                            { "colorpicker": "#808080", "entity": "ARTI" },
                            { "colorpicker": "#808080", "entity": "WOWS" },
                            { "colorpicker": "#808080", "entity": "KOTA-W" },
                            { "colorpicker": "#808080", "entity": "CPDW" },
                            { "colorpicker": "#808080", "entity": "OASA" },
                            { "colorpicker": "#808080", "entity": "DSSA" },
                            { "colorpicker": "#808080", "entity": "BRIS" },
                            { "colorpicker": "#808080", "entity": "CASA-W" },
                            { "colorpicker": "#808080", "entity": "CARS" },
                            { "colorpicker": "#808080", "entity": "NATO" },
                            { "colorpicker": "#808080", "entity": "FR0082" },
                            { "colorpicker": "#808080", "entity": "HOKI" },
                            { "colorpicker": "#808080", "entity": "CAKK-W" },
                            { "colorpicker": "#808080", "entity": "FR0063" },
                            { "colorpicker": "#808080", "entity": "BUMI01CB" },
                            { "colorpicker": "#808080", "entity": "CPGT" },
                            { "colorpicker": "#808080", "entity": "SIAP" },
                            { "colorpicker": "#808080", "entity": "FIRE-W" },
                            { "colorpicker": "#808080", "entity": "FR0061" },
                            { "colorpicker": "#808080", "entity": "BEEF-W" },
                            { "colorpicker": "#808080", "entity": "DAJK" },
                            { "colorpicker": "#808080", "entity": "INPC-W" },
                            { "colorpicker": "#808080", "entity": "DWGL-W" },
                            { "colorpicker": "#808080", "entity": "DIVA" },
                            { "colorpicker": "#808080", "entity": "FR0064" },
                            { "colorpicker": "#808080", "entity": "RBMS" },
                            { "colorpicker": "#808080", "entity": "SPTO" },
                            { "colorpicker": "#808080", "entity": "BACA" },
                            { "colorpicker": "#808080", "entity": "CTTH" },
                            { "colorpicker": "#808080", "entity": "BRAM" },
                            { "colorpicker": "#808080", "entity": "BAPA" },
                            { "colorpicker": "#808080", "entity": "BKDP" },
                            { "colorpicker": "#808080", "entity": "FIFA03BCN5" },
                            { "colorpicker": "#808080", "entity": "OTMA03C" },
                            { "colorpicker": "#808080", "entity": "ISAT02BCN1" },
                            { "colorpicker": "#808080", "entity": "SMRA03CN1" },
                            { "colorpicker": "#808080", "entity": "TLKM01ACN1" },
                            { "colorpicker": "#808080", "entity": "TAMU" },
                            { "colorpicker": "#808080", "entity": "SMGR01ACN2" },
                            { "colorpicker": "#808080", "entity": "WOMF02BCN3" },
                            { "colorpicker": "#808080", "entity": "AGII01ACN2" },
                            { "colorpicker": "#808080", "entity": "ASDF04CCN2" },
                            { "colorpicker": "#808080", "entity": "WOMF03BCN1" },
                            { "colorpicker": "#808080", "entity": "INDF08" },
                            { "colorpicker": "#808080", "entity": "BARI" },
                            { "colorpicker": "#808080", "entity": "ARYA" },
                            { "colorpicker": "#808080", "entity": "LAND" },
                            { "colorpicker": "#808080", "entity": "TBMS" },
                            { "colorpicker": "#808080", "entity": "PUDP" },
                            { "colorpicker": "#808080", "entity": "NIKL" },
                            { "colorpicker": "#808080", "entity": "KPIG" },
                            { "colorpicker": "#808080", "entity": "WOOD" },
                            { "colorpicker": "#808080", "entity": "MAPA" },
                            { "colorpicker": "#808080", "entity": "CMPP" },
                            { "colorpicker": "#808080", "entity": "TCPI" },
                            { "colorpicker": "#808080", "entity": "REAL-W" },
                            { "colorpicker": "#808080", "entity": "bRPT" },
                            { "colorpicker": "#808080", "entity": "AKKU" },
                            { "colorpicker": "#808080", "entity": "PWSI" },
                            { "colorpicker": "#808080", "entity": "SSTM" },
                            { "colorpicker": "#808080", "entity": "BINA" },
                            { "colorpicker": "#808080", "entity": "MARI" },
                            { "colorpicker": "#808080", "entity": "NIPS" },
                            { "colorpicker": "#808080", "entity": "ULTJ" },
                            { "colorpicker": "#808080", "entity": "INCF" },
                            { "colorpicker": "#808080", "entity": "BGTG" },
                            { "colorpicker": "#808080", "entity": "OTMA03A" },
                            { "colorpicker": "#808080", "entity": "DYAN" },
                            { "colorpicker": "#808080", "entity": "TUFI04ACN2" },
                            { "colorpicker": "#808080", "entity": "XBSK" },
                            { "colorpicker": "#808080", "entity": "FR0056" },
                            { "colorpicker": "#808080", "entity": "US455780CQ75" },
                            { "colorpicker": "#808080", "entity": "FR0075" },
                            { "colorpicker": "#808080", "entity": "SUBA-P" },
                            { "colorpicker": "#808080", "entity": "INTD" },
                            { "colorpicker": "#808080", "entity": "XBIN" },
                            { "colorpicker": "#808080", "entity": "FR0079" },
                            { "colorpicker": "#808080", "entity": "FR0083" },
                            { "colorpicker": "#808080", "entity": "FR0074" },
                            { "colorpicker": "#808080", "entity": "KKGI" },
                            { "colorpicker": "#808080", "entity": "NASA-W" },
                            { "colorpicker": "#808080", "entity": "YELO-W" },
                            { "colorpicker": "#808080", "entity": "PCAR" },
                            { "colorpicker": "#808080", "entity": "AMAG" },
                            { "colorpicker": "#808080", "entity": "APOL" },
                            { "colorpicker": "#808080", "entity": "PBRX" },
                            { "colorpicker": "#808080", "entity": "MITI" },
                            { "colorpicker": "#808080", "entity": "LPGI" },
                            { "colorpicker": "#808080", "entity": "PNBS" },
                            { "colorpicker": "#808080", "entity": "IPTV" },
                            { "colorpicker": "#808080", "entity": "GEMS" },
                            { "colorpicker": "#808080", "entity": "PLIN" },
                            { "colorpicker": "#808080", "entity": "DWGL" },
                            { "colorpicker": "#808080", "entity": "LPIN" },
                            { "colorpicker": "#808080", "entity": "JKSW" },
                            { "colorpicker": "#808080", "entity": "INFI01BXBVTW" },
                            { "colorpicker": "#808080", "entity": "GRIV01XXBFTW" },
                            { "colorpicker": "#808080", "entity": "ZINC" },
                            { "colorpicker": "#808080", "entity": "PANR" },
                            { "colorpicker": "#808080", "entity": "HITS" },
                            { "colorpicker": "#808080", "entity": "JSPT" },
                            { "colorpicker": "#808080", "entity": "IPOL" },
                            { "colorpicker": "#808080", "entity": "IDR" },
                            { "colorpicker": "#808080", "entity": "MYRX" },
                            { "colorpicker": "#808080", "entity": "KBLI" },
                            { "colorpicker": "#808080", "entity": "MDKI" },
                            { "colorpicker": "#808080", "entity": "RIMO" },
                            { "colorpicker": "#808080", "entity": "BKSW" },
                            { "colorpicker": "#808080", "entity": "KPAS-W" },
                            { "colorpicker": "#808080", "entity": "CLEO" },
                            { "colorpicker": "#808080", "entity": "BJBR02BCN1" },
                            { "colorpicker": "#808080", "entity": "FR0059" },
                            { "colorpicker": "#808080", "entity": "FR0073" },
                            { "colorpicker": "#808080", "entity": "GREN" },
                            { "colorpicker": "#808080", "entity": "XASG" },
                            { "colorpicker": "#808080", "entity": "BOGA-W" },
                            { "colorpicker": "#808080", "entity": "MEDC02BCN5" },
                            { "colorpicker": "#808080", "entity": "MEDC02ACN3" },
                            { "colorpicker": "#808080", "entity": "ISAT01CCN3" },
                            { "colorpicker": "#808080", "entity": "TRIM" },
                            { "colorpicker": "#808080", "entity": "INFI01AXBFTW" },
                            { "colorpicker": "#808080", "entity": "MAGP" },
                            { "colorpicker": "#808080", "entity": "BBYB" },
                            { "colorpicker": "#808080", "entity": "SQMI" },
                            { "colorpicker": "#808080", "entity": "HOME" },
                            { "colorpicker": "#808080", "entity": "ALTO" },
                            { "colorpicker": "#808080", "entity": "RUIS" },
                            { "colorpicker": "#808080", "entity": "MKDO" },
                            { "colorpicker": "#808080", "entity": "PFZR" },
                            { "colorpicker": "#808080", "entity": "SOBI" },
                            { "colorpicker": "#808080", "entity": "ASRM" },
                            { "colorpicker": "#808080", "entity": "SRTG" },
                            { "colorpicker": "#808080", "entity": "RAJA" },
                            { "colorpicker": "#808080", "entity": "PSAB" },
                            { "colorpicker": "#808080", "entity": "BTEK" },
                            { "colorpicker": "#808080", "entity": "MDLN01BCN1" },
                            { "colorpicker": "#808080", "entity": "ANDI" },
                            { "colorpicker": "#808080", "entity": "JMAS" },
                            { "colorpicker": "#808080", "entity": "NZIA" },
                            { "colorpicker": "#808080", "entity": "IPCM" },
                            { "colorpicker": "#808080", "entity": "MTPS" },
                            { "colorpicker": "#808080", "entity": "BNBA" },
                            { "colorpicker": "#808080", "entity": "ASJT" },
                            { "colorpicker": "#808080", "entity": "IDPR" },
                            { "colorpicker": "#808080", "entity": "MTPS-W" },
                            { "colorpicker": "#808080", "entity": "FILM" },
                            { "colorpicker": "#808080", "entity": "KPAL" },
                            { "colorpicker": "#808080", "entity": "RODA" },
                            { "colorpicker": "#808080", "entity": "DNET" },
                            { "colorpicker": "#808080", "entity": "MAYA03SB" },
                            { "colorpicker": "#808080", "entity": "SDRA01SB" },
                            { "colorpicker": "#808080", "entity": "TRUK" },
                            { "colorpicker": "#808080", "entity": "LCGP" },
                            { "colorpicker": "#808080", "entity": "BUDI" },
                            { "colorpicker": "#808080", "entity": "PTSN" },
                            { "colorpicker": "#808080", "entity": "CSIS" },
                            { "colorpicker": "#808080", "entity": "JAYA" },
                            { "colorpicker": "#808080", "entity": "JECC" },
                            { "colorpicker": "#808080", "entity": "KPAS" },
                            { "colorpicker": "#808080", "entity": "MKPI" },
                            { "colorpicker": "#808080", "entity": "BGIN" },
                            { "colorpicker": "#808080", "entity": "SOCI" },
                            { "colorpicker": "#808080", "entity": "ENVY" },
                            { "colorpicker": "#808080", "entity": "BOGA" },
                            { "colorpicker": "#808080", "entity": "BACA-W2" },
                            { "colorpicker": "#808080", "entity": "NIRO" },
                            { "colorpicker": "#808080", "entity": "VINS-W" },
                            { "colorpicker": "#808080", "entity": "BEEF" },
                            { "colorpicker": "#808080", "entity": "MBAP" },
                            { "colorpicker": "#808080", "entity": "DSNG" },
                            { "colorpicker": "#808080", "entity": "BJBR02BSBCN1" },
                            { "colorpicker": "#808080", "entity": "BEXI04CCN4" },
                            { "colorpicker": "#808080", "entity": "ISAT03BCN2" },
                            { "colorpicker": "#808080", "entity": "BOSS" },
                            { "colorpicker": "#808080", "entity": "WSBP01CN2" },
                            { "colorpicker": "#808080", "entity": "RICY" },
                            { "colorpicker": "#808080", "entity": "POSA" },
                            { "colorpicker": "#808080", "entity": "APLI" },
                            { "colorpicker": "#808080", "entity": "CITA-R" },
                            { "colorpicker": "#808080", "entity": "PPLN01ACN1" },
                            { "colorpicker": "#808080", "entity": "DGIK" },
                            { "colorpicker": "#808080", "entity": "MANY" },
                            { "colorpicker": "#808080", "entity": "FR0081" },
                            { "colorpicker": "#808080", "entity": "BABP-R" },
                            { "colorpicker": "#808080", "entity": "SISGRO01ACN1" },
                            { "colorpicker": "#808080", "entity": "ADMF04ACN6" },
                            { "colorpicker": "#808080", "entity": "ADMF" },
                            { "colorpicker": "#808080", "entity": "PTRO" },
                            { "colorpicker": "#808080", "entity": "PRDA" },
                            { "colorpicker": "#808080", "entity": "MFIN" },
                            { "colorpicker": "#808080", "entity": "SMBSSB02" },
                            { "colorpicker": "#808080", "entity": "BTPN04ACN1" },
                            { "colorpicker": "#808080", "entity": "CCSI" },
                            { "colorpicker": "#808080", "entity": "HRTA" },
                            { "colorpicker": "#808080", "entity": "SMFP05ACN3" },
                            { "colorpicker": "#808080", "entity": "AGAR" },
                            { "colorpicker": "#808080", "entity": "WSKT03ACN4" },
                            { "colorpicker": "#808080", "entity": "APLN01CN3" },
                            { "colorpicker": "#808080", "entity": "BBRI02BCN2" },
                            { "colorpicker": "#808080", "entity": "BVIC02SBCN1" },
                            { "colorpicker": "#808080", "entity": "EXCL01ACN1" },
                            { "colorpicker": "#808080", "entity": "FIFA03ACN5" }
                        ],
                        "datasource": "0o3N4lge0K3|view_1_2020100102534686__table",
                        "datasource_name": "view_1_2020100102534686",
                        "entity": "c",
                        "filter_date": "",
                        "filter_date_type": "",
                        "filters": [],
                        "format_number_id": false,
                        "granularity_sqla": "",
                        "hide_background": false,
                        "hide_title": false,
                        "initial_date_filter": "",
                        "left_margin": "auto",
                        "legend_orient": "horizontal",
                        "legend_position": "top",
                        "legend_type": "scroll",
                        "legend_width": 400,
                        "limit": 1000,
                        "link_to": "table-drilldown-ca811367-079c-4eb5-9d6a-0458f88f7d2d3303",
                        "max_bubble_size": "25",
                        "random_color": false,
                        "series": "a",
                        "show_legend": true,
                        "since": "",
                        "size": "sum__d",
                        "slice_id": 4700,
                        "time_grain_sqla": "",
                        "until": "",
                        "viz_type": "bubble",
                        "x": "max__d",
                        "x_axis_format": ",",
                        "x_axis_label": "",
                        "x_axis_showminmax": true,
                        "x_log_scale": false,
                        "y": "min__d",
                        "y_axis_format": ".3s",
                        "y_axis_label": "",
                        "y_axis_showminmax": true,
                        "y_log_scale": false
                    },
                    "slice_id": 4700,
                    "slice_name": "akbs - bubble",
                    "slice_url": "/chart/explore/?form_data={\"slice_id\":4700}"
                },
                {
                    "dashboard_id": 3304,
                    "datasource": "0o3N4lge0K3|view_1_2020100102534686",
                    "description": "",
                    "description_markeddown": "",
                    "edit_url": "/chart/explore/?form_data={\"slice_id\":4701}",
                    "form_data": {
                        "area_chart": false,
                        "bottom_margin": "auto",
                        "chart_on_click": true,
                        "choose_pallete": "default_pallete",
                        "color_scheme": "palette1",
                        "colorpickers": [
                            { "colorpicker": "#808080", "entity": ["BK"] },
                            { "colorpicker": "#808080", "entity": ["RX"] },
                            { "colorpicker": "#808080", "entity": ["CC"] },
                            { "colorpicker": "#808080", "entity": ["YU"] },
                            { "colorpicker": "#808080", "entity": ["DP"] },
                            { "colorpicker": "#808080", "entity": ["GR"] },
                            { "colorpicker": "#808080", "entity": ["OD"] },
                            { "colorpicker": "#808080", "entity": ["IP"] },
                            { "colorpicker": "#808080", "entity": ["YP"] },
                            { "colorpicker": "#808080", "entity": ["PS"] },
                            { "colorpicker": "#808080", "entity": ["ID"] },
                            { "colorpicker": "#808080", "entity": ["RS"] },
                            { "colorpicker": "#808080", "entity": ["BF"] },
                            { "colorpicker": "#808080", "entity": ["AN"] },
                            { "colorpicker": "#808080", "entity": ["MU"] },
                            { "colorpicker": "#808080", "entity": ["FO"] },
                            { "colorpicker": "#808080", "entity": ["HP"] },
                            { "colorpicker": "#808080", "entity": ["II"] },
                            { "colorpicker": "#808080", "entity": ["EL"] },
                            { "colorpicker": "#808080", "entity": ["SS"] },
                            { "colorpicker": "#808080", "entity": ["PK"] },
                            { "colorpicker": "#808080", "entity": ["PF"] },
                            { "colorpicker": "#808080", "entity": ["IT"] },
                            { "colorpicker": "#808080", "entity": ["KK"] },
                            { "colorpicker": "#808080", "entity": ["LG"] },
                            { "colorpicker": "#808080", "entity": ["KZ"] },
                            { "colorpicker": "#808080", "entity": ["YO"] },
                            { "colorpicker": "#808080", "entity": ["IN"] },
                            { "colorpicker": "#808080", "entity": ["AT"] },
                            { "colorpicker": "#808080", "entity": ["TX"] },
                            { "colorpicker": "#808080", "entity": ["PP"] },
                            { "colorpicker": "#808080", "entity": ["IH"] },
                            { "colorpicker": "#808080", "entity": ["SC"] },
                            { "colorpicker": "#808080", "entity": ["DR"] },
                            { "colorpicker": "#808080", "entity": ["AO"] },
                            { "colorpicker": "#808080", "entity": ["PC"] },
                            { "colorpicker": "#808080", "entity": ["SA"] },
                            { "colorpicker": "#808080", "entity": ["DU"] },
                            { "colorpicker": "#808080", "entity": ["AP"] },
                            { "colorpicker": "#808080", "entity": ["DM"] },
                            { "colorpicker": "#808080", "entity": ["EP"] },
                            { "colorpicker": "#808080", "entity": ["AF"] },
                            { "colorpicker": "#808080", "entity": ["PI"] },
                            { "colorpicker": "#808080", "entity": ["TF"] },
                            { "colorpicker": "#808080", "entity": ["FS"] },
                            { "colorpicker": "#808080", "entity": ["BQ"] },
                            { "colorpicker": "#808080", "entity": ["DD"] },
                            { "colorpicker": "#808080", "entity": ["RG"] },
                            { "colorpicker": "#808080", "entity": ["ZR"] },
                            { "colorpicker": "#808080", "entity": ["SF"] },
                            { "colorpicker": "#808080", "entity": ["PG"] },
                            { "colorpicker": "#808080", "entity": ["IF"] },
                            { "colorpicker": "#808080", "entity": ["SQ"] },
                            { "colorpicker": "#808080", "entity": ["YB"] },
                            { "colorpicker": "#808080", "entity": ["FZ"] },
                            { "colorpicker": "#808080", "entity": ["AZ"] },
                            { "colorpicker": "#808080", "entity": ["AH"] },
                            { "colorpicker": "#808080", "entity": ["LH"] },
                            { "colorpicker": "#808080", "entity": ["OK"] },
                            { "colorpicker": "#808080", "entity": ["CP"] },
                            { "colorpicker": "#808080", "entity": ["ZP"] },
                            { "colorpicker": "#808080", "entity": ["AG"] },
                            { "colorpicker": "#808080", "entity": ["GA"] },
                            { "colorpicker": "#808080", "entity": ["XA"] },
                            { "colorpicker": "#808080", "entity": ["HD"] },
                            { "colorpicker": "#808080", "entity": ["KW"] },
                            { "colorpicker": "#808080", "entity": ["BR"] },
                            { "colorpicker": "#808080", "entity": ["GW"] },
                            { "colorpicker": "#808080", "entity": ["BS"] },
                            { "colorpicker": "#808080", "entity": ["TS"] },
                            { "colorpicker": "#808080", "entity": ["RF"] },
                            { "colorpicker": "#808080", "entity": ["U7"] },
                            { "colorpicker": "#808080", "entity": ["XC"] },
                            { "colorpicker": "#808080", "entity": ["BZ"] },
                            { "colorpicker": "#808080", "entity": ["C3"] },
                            { "colorpicker": "#808080", "entity": ["X9"] },
                            { "colorpicker": "#808080", "entity": ["KS"] },
                            { "colorpicker": "#808080", "entity": ["LS"] },
                            { "colorpicker": "#808080", "entity": ["MS"] },
                            { "colorpicker": "#808080", "entity": ["MI"] },
                            { "colorpicker": "#808080", "entity": ["PO"] },
                            { "colorpicker": "#808080", "entity": ["YJ"] },
                            { "colorpicker": "#808080", "entity": ["FG"] },
                            { "colorpicker": "#808080", "entity": ["RB"] },
                            { "colorpicker": "#808080", "entity": ["QA"] },
                            { "colorpicker": "#808080", "entity": ["RO"] },
                            { "colorpicker": "#808080", "entity": ["PD"] },
                            { "colorpicker": "#808080", "entity": ["XL"] },
                            { "colorpicker": "#808080", "entity": ["DH"] },
                            { "colorpicker": "#808080", "entity": ["AR"] },
                            { "colorpicker": "#808080", "entity": ["AK"] },
                            { "colorpicker": "#808080", "entity": ["AI"] },
                            { "colorpicker": "#808080", "entity": ["CG"] },
                            { "colorpicker": "#808080", "entity": ["CD"] },
                            { "colorpicker": "#808080", "entity": ["GI"] },
                            { "colorpicker": "#808080", "entity": ["FM"] }
                        ],
                        "contribution": false,
                        "datasource": "0o3N4lge0K3|view_1_2020100102534686__table",
                        "datasource_name": "view_1_2020100102534686",
                        "filter_date": "",
                        "filter_date_type": "",
                        "filters": [],
                        "format_number_id": false,
                        "granularity_sqla": "a",
                        "groupby": ["b"],
                        "hide_background": false,
                        "hide_title": false,
                        "initial_date_filter": "",
                        "left_margin": "auto",
                        "legend_orient": "horizontal",
                        "legend_position": "top",
                        "legend_type": "scroll",
                        "legend_width": 400,
                        "limit": 1000,
                        "line_interpolation": "basic",
                        "link_to": "table-drilldown-ca811367-079c-4eb5-9d6a-0458f88f7d2d3303",
                        "metrics": ["sum__d"],
                        "order_desc": false,
                        "random_color": false,
                        "rich_tooltip": true,
                        "row_limit": 1000,
                        "show_brush": false,
                        "show_legend": true,
                        "show_markers": false,
                        "since": "",
                        "slice_id": 4701,
                        "stack_area_chart": false,
                        "style_tooltips": "item",
                        "time_grain_sqla": "day",
                        "timeseries_limit_metric": null,
                        "until": "",
                        "viz_type": "line",
                        "x_axis_format": "%d/%m/%Y",
                        "x_axis_label": "",
                        "x_axis_showminmax": true,
                        "y_axis_bounds": [null, null],
                        "y_axis_bounds_max": null,
                        "y_axis_bounds_min": null,
                        "y_axis_format": ".3s",
                        "y_axis_label": "",
                        "y_axis_showminmax": true,
                        "y_log_scale": false
                    },
                    "slice_id": 4701,
                    "slice_name": "akbs - line",
                    "slice_url": "/chart/explore/?form_data={\"slice_id\":4701}"
                },
                {
                    "dashboard_id": 3304,
                    "datasource": "0o3N4lge0K3|view_1_2020100102534686",
                    "description": "",
                    "description_markeddown": "",
                    "edit_url": "/chart/explore/?form_data={\"slice_id\":4702}",
                    "form_data": {
                        "chart_on_click": true,
                        "choose_pallete": "default_pallete",
                        "color_scheme": "palette1",
                        "colorpickers": [
                            { "colorpicker": "#808080", "entity": "BK" },
                            { "colorpicker": "#808080", "entity": "RX" },
                            { "colorpicker": "#808080", "entity": "CC" },
                            { "colorpicker": "#808080", "entity": "YU" },
                            { "colorpicker": "#808080", "entity": "DP" },
                            { "colorpicker": "#808080", "entity": "GR" },
                            { "colorpicker": "#808080", "entity": "OD" },
                            { "colorpicker": "#808080", "entity": "IP" },
                            { "colorpicker": "#808080", "entity": "YP" },
                            { "colorpicker": "#808080", "entity": "PS" }
                        ],
                        "datasource": "0o3N4lge0K3|view_1_2020100102534686__table",
                        "datasource_name": "view_1_2020100102534686",
                        "donut": false,
                        "filter_date": "",
                        "filter_date_type": "",
                        "filters": [],
                        "format_number_id": false,
                        "granularity_sqla": null,
                        "groupby": ["b"],
                        "hide_background": false,
                        "hide_label": false,
                        "hide_title": false,
                        "initial_date_filter": "",
                        "labels_outside": true,
                        "legend_orient": "horizontal",
                        "legend_position": "top",
                        "legend_type": "scroll",
                        "legend_width": 400,
                        "limit": 10,
                        "link_to": "table-drilldown-ca811367-079c-4eb5-9d6a-0458f88f7d2d3303",
                        "metrics": ["sum__d"],
                        "pie_label_type": "key",
                        "random_color": false,
                        "show_legend": true,
                        "since": "",
                        "slice_id": 4702,
                        "time_grain_sqla": null,
                        "tooltips": [],
                        "until": "",
                        "viz_type": "pie",
                        "y_axis_format": ".3s"
                    },
                    "slice_id": 4702,
                    "slice_name": "akbs - pie",
                    "slice_url": "/chart/explore/?form_data={\"slice_id\":4702}"
                },
                {
                    "dashboard_id": 3304,
                    "datasource": "0o3N4lge0K3|view_1_2020100102534686",
                    "description": "",
                    "description_markeddown": "",
                    "edit_url": "/chart/explore/?form_data={\"slice_id\":4703}",
                    "form_data": {
                        "all_columns": ["a", "b", "c", "d", "e", "f", "g", "h", "i"],
                        "chart_on_click": true,
                        "chart_on_click_col": "c",
                        "chart_on_click_specific_col": false,
                        "choose_pallete": "default_pallete",
                        "colorpickers": [],
                        "datasource": "0o3N4lge0K3|view_1_2020100102534686__table",
                        "datasource_name": "view_1_2020100102534686",
                        "filter_date": "date_picker",
                        "filter_date_type": "date",
                        "filters": [],
                        "format_number_id": false,
                        "granularity_sqla": "a",
                        "groupby": [],
                        "having_filters": [],
                        "include_time": false,
                        "initial_date_filter": "",
                        "legend_orient": "horizontal",
                        "legend_position": "top",
                        "legend_type": "scroll",
                        "legend_width": 400,
                        "link_to": "table-drilldown-ca811367-079c-4eb5-9d6a-0458f88f7d2d3303",
                        "metrics": [],
                        "number_format": ",",
                        "order_by_cols": [],
                        "page_index": 1,
                        "page_length": 0,
                        "page_size": 10,
                        "page_sort": [],
                        "row_limit": 1000,
                        "search_main_column": false,
                        "search_second_column": false,
                        "show_total_numeric_column": true,
                        "since": "",
                        "slice_id": 4703,
                        "static_number": false,
                        "table_filter_column": "",
                        "table_font_family": "",
                        "table_font_size": 10,
                        "table_grid_view": false,
                        "table_sort_desc": false,
                        "table_timestamp_format": "%d/%m/%Y",
                        "timeseries_limit_metric": "undefined",
                        "until": "",
                        "viz_type": "table"
                    },
                    "slice_id": 4703,
                    "slice_name": "akbs - table",
                    "slice_url": "/chart/explore/?form_data={\"slice_id\":4703}"
                }
            ]
        }
    }
}
