{
    "formula":"first({fieldName})",
    "description":"Notation {fieldName} on First Must replace your fieldName"
 },
 {
    "formula":"last({fieldName})",
    "description":"Notation {fieldName} on Last Must replace your fieldName"
 },
 {
    "idNum" : 12,
    "name" : "search_from_index",
    "value" : "",
    "title" : "Src index",
    "text" : "search 0 from index 1 into",
    "label" : "search_from_index",
    "image" : "Search_from_index.svg",
    "icon" : "Search_from_index-1.svg",
    "buttonClass" : "btn-outline-source",
    "in" : false,
    "out" : true,
    "branch" : false,
    "multiIn" : false
},
{
    "idNum" : 14,
    "name" : "load_reference_index",
    "value" : "",
    "title" : "Ref index",
    "text" : "load reference from index 0 into ",
    "image" : "Load_reference_index.svg",
    "label" : "load_reference_index",
    "icon" : "Load_reference_index-1.svg",
    "buttonClass" : "btn-outline-success",
    "in" : false,
    "out" : true,
    "branch" : false,
    "multiIn" : false
},

{
    "idNum" : 15,
    "name" : "search_from_sqlserver",
    "value" : "",
    "title" : "Sql server",
    "text" : "search from sqlserver",
    "label" : "search_from_sqlserver",
    "image" : "Search_from_sqlServer.svg",
    "icon" : "Search_from_sqlServer-1.svg",
    "buttonClass" : "btn-outline-source",
    "in" : false,
    "out" : true,
    "branch" : false,
    "multiIn" : false
},
{
    "idNum" : 16,
    "name" : "search_from_mysql",
    "value" : "",
    "title" : "MySQL",
    "text" : "search from mysql",
    "label" : "search_from_mysql",
    "image" : "Search_from_mySQL.svg",
    "icon" : "Search_from_mySQL-1.svg",
    "buttonClass" : "btn-outline-source",
    "in" : false,
    "out" : true,
    "branch" : false,
    "multiIn" : false
},
{
    "idNum" : 16,
    "name" : "search_from_postgre",
    "value" : "",
    "title" : "Postgre",
    "text" : "search from postgre",
    "label" : "search_from_postgre",
    "image" : "Search_from_postgres.svg",
    "icon" : "Search_from_postgres-1.svg",
    "buttonClass" : "btn-outline-source",
    "in" : false,
    "out" : true,
    "branch" : false,
    "multiIn" : false
},
{
    "idNum" : 17,
    "name" : "search_from_oracle",
    "value" : "",
    "title" : "Oracle",
    "text" : "search from oracle",
    "label" : "search_from_oracle",
    "image" : "Search_from_oracle.svg",
    "icon" : "Search_from_oracle-1.svg",
    "buttonClass" : "btn-outline-source",
    "in" : false,
    "out" : true,
    "branch" : false,
    "multiIn" : false
},
{
    "idNum" : 18,
    "name" : "search_from_db2",
    "value" : "",
    "title" : "DB2",
    "text" : "search from db2",
    "label" : "search_from_db2",
    "image" : "Search_from_DB2.svg",
    "icon" : "Search_from_DB2-1.svg",
    "buttonClass" : "btn-outline-source",
    "in" : false,
    "out" : true,
    "branch" : false,
    "multiIn" : false
},